Timestamp,Set_L,Act_L,Err_L,Set_R,Act_R,Err_R,Diff_LR
1772468022.262748,1.9098591804504395,20.897184371948242,-18.987325191497803,1.9098591804504395,5.0271830558776855,-3.117323875427246,15.870001316070557
1772468022.3175905,1.9098591804504395,20.897184371948242,-18.987325191497803,1.9098591804504395,5.0271830558776855,-3.117323875427246,15.870001316070557
1772468022.3696742,1.9098591804504395,22.687183380126953,-20.777324199676514,1.9098591804504395,6.197183132171631,-4.287323951721191,16.490000247955322
1772468022.4182777,1.9098591804504395,22.687183380126953,-20.777324199676514,1.9098591804504395,6.197183132171631,-4.287323951721191,16.490000247955322
1772468022.464667,1.9098591804504395,22.687183380126953,-20.777324199676514,1.9098591804504395,6.197183132171631,-4.287323951721191,16.490000247955322
1772468022.5148082,1.9098591804504395,24.69718360900879,-22.78732442855835,1.9098591804504395,30.767183303833008,-28.85732412338257,-6.069999694824219
1772468022.561839,1.9098591804504395,24.69718360900879,-22.78732442855835,1.9098591804504395,30.767183303833008,-28.85732412338257,-6.069999694824219
1772468022.614719,1.9098591804504395,24.69718360900879,-22.78732442855835,1.9098591804504395,30.767183303833008,-28.85732412338257,-6.069999694824219
1772468022.668477,1.9098591804504395,20.187185287475586,-18.277326107025146,1.9098591804504395,29.80718421936035,-27.897325038909912,-9.619998931884766
1772468022.7180543,1.9098591804504395,20.187185287475586,-18.277326107025146,1.9098591804504395,29.80718421936035,-27.897325038909912,-9.619998931884766
1772468022.7626734,1.9098591804504395,20.187185287475586,-18.277326107025146,1.9098591804504395,29.80718421936035,-27.897325038909912,-9.619998931884766
1772468022.8159418,1.9098591804504395,7.37718391418457,-5.467324733734131,1.9098591804504395,10.89718246459961,-8.98732328414917,-3.519998550415039
1772468022.8627024,1.9098591804504395,7.37718391418457,-5.467324733734131,1.9098591804504395,10.89718246459961,-8.98732328414917,-3.519998550415039
1772468022.918273,1.9098591804504395,7.37718391418457,-5.467324733734131,1.9098591804504395,10.89718246459961,-8.98732328414917,-3.519998550415039
1772468022.9667642,1.9098591804504395,25.00718116760254,-23.0973219871521,1.9098591804504395,12.427184104919434,-10.517324924468994,12.579997062683105
1772468023.01434,1.9098591804504395,25.00718116760254,-23.0973219871521,1.9098591804504395,12.427184104919434,-10.517324924468994,12.579997062683105
1772468023.066295,1.9098591804504395,25.00718116760254,-23.0973219871521,1.9098591804504395,12.427184104919434,-10.517324924468994,12.579997062683105
1772468023.1120055,1.9098591804504395,27.767183303833008,-25.85732412338257,1.9098591804504395,31.71718406677246,-29.80732488632202,-3.950000762939453
1772468023.1629431,1.9098591804504395,27.767183303833008,-25.85732412338257,1.9098591804504395,31.71718406677246,-29.80732488632202,-3.950000762939453
1772468023.2197666,1.9098591804504395,24.2371826171875,-22.32732343673706,1.9098591804504395,31.427183151245117,-29.517323970794678,-7.190000534057617
1772468023.268152,1.9098591804504395,24.2371826171875,-22.32732343673706,1.9098591804504395,31.427183151245117,-29.517323970794678,-7.190000534057617
1772468023.31592,1.9098591804504395,24.2371826171875,-22.32732343673706,1.9098591804504395,31.427183151245117,-29.517323970794678,-7.190000534057617
1772468023.365029,1.9098591804504395,18.517183303833008,-16.60732412338257,1.9098591804504395,21.10718536376953,-19.197326183319092,-2.5900020599365234
1772468023.411745,1.9098591804504395,18.517183303833008,-16.60732412338257,1.9098591804504395,21.10718536376953,-19.197326183319092,-2.5900020599365234
1772468023.465519,1.9098591804504395,21.1071834564209,-19.19732427597046,1.9098591804504395,2.9071829319000244,-0.997323751449585,18.200000524520874
1772468023.519964,1.9098591804504395,21.1071834564209,-19.19732427597046,1.9098591804504395,2.9071829319000244,-0.997323751449585,18.200000524520874
1772468023.566054,1.9098591804504395,21.1071834564209,-19.19732427597046,1.9098591804504395,2.9071829319000244,-0.997323751449585,18.200000524520874
1772468023.616419,1.9098591804504395,23.097185134887695,-21.187325954437256,1.9098591804504395,24.377182006835938,-22.467322826385498,-1.2799968719482422
1772468023.6617882,1.9098591804504395,23.097185134887695,-21.187325954437256,1.9098591804504395,24.377182006835938,-22.467322826385498,-1.2799968719482422
1772468023.713889,1.9098591804504395,23.097185134887695,-21.187325954437256,1.9098591804504395,24.377182006835938,-22.467322826385498,-1.2799968719482422
1772468023.7698374,1.9098591804504395,23.41718292236328,-21.507323741912842,1.9098591804504395,31.797182083129883,-29.887322902679443,-8.379999160766602
1772468023.821165,1.9098591804504395,23.41718292236328,-21.507323741912842,1.9098591804504395,31.797182083129883,-29.887322902679443,-8.379999160766602
1772468023.8685815,1.9098591804504395,23.41718292236328,-21.507323741912842,1.9098591804504395,31.797182083129883,-29.887322902679443,-8.379999160766602
1772468023.91473,1.9098591804504395,9.747184753417969,-7.837325572967529,1.9098591804504395,26.35718536376953,-24.447326183319092,-16.610000610351562
1772468023.9694285,1.9098591804504395,9.747184753417969,-7.837325572967529,1.9098591804504395,26.35718536376953,-24.447326183319092,-16.610000610351562
1772468024.01624,1.9098591804504395,16.067184448242188,-14.157325267791748,1.9098591804504395,8.747184753417969,-6.837325572967529,7.319999694824219
1772468024.0665743,1.9098591804504395,16.067184448242188,-14.157325267791748,1.9098591804504395,8.747184753417969,-6.837325572967529,7.319999694824219
1772468024.1156213,1.9098591804504395,16.067184448242188,-14.157325267791748,1.9098591804504395,8.747184753417969,-6.837325572967529,7.319999694824219
1772468024.166632,1.9098591804504395,28.60718536376953,-26.697326183319092,1.9098591804504395,15.47718334197998,-13.567324161529541,13.13000202178955
1772468024.2185779,1.9098591804504395,28.60718536376953,-26.697326183319092,1.9098591804504395,15.47718334197998,-13.567324161529541,13.13000202178955
1772468024.2647858,1.9098591804504395,28.60718536376953,-26.697326183319092,1.9098591804504395,15.47718334197998,-13.567324161529541,13.13000202178955
1772468024.3180804,1.9098591804504395,26.1071834564209,-24.19732427597046,1.9098591804504395,30.94718360900879,-29.03732442855835,-4.840000152587891
1772468024.3682573,1.9098591804504395,26.1071834564209,-24.19732427597046,1.9098591804504395,30.94718360900879,-29.03732442855835,-4.840000152587891
1772468024.4140368,1.9098591804504395,26.1071834564209,-24.19732427597046,1.9098591804504395,30.94718360900879,-29.03732442855835,-4.840000152587891
1772468024.4608607,1.9098591804504395,17.58718490600586,-15.67732572555542,1.9098591804504395,28.727184295654297,-26.817325115203857,-11.139999389648438
1772468024.5206351,1.9098591804504395,17.58718490600586,-15.67732572555542,1.9098591804504395,28.727184295654297,-26.817325115203857,-11.139999389648438
1772468024.5683854,1.9098591804504395,17.78718376159668,-15.87732458114624,1.9098591804504395,18.71718406677246,-16.80732488632202,-0.9300003051757812
1772468024.6181378,1.9098591804504395,17.78718376159668,-15.87732458114624,1.9098591804504395,18.71718406677246,-16.80732488632202,-0.9300003051757812
1772468024.667747,1.9098591804504395,21.367183685302734,-19.457324504852295,1.9098591804504395,3.867184638977051,-1.9573254585266113,17.499999046325684
1772468024.7066667,1.9098591804504395,21.367183685302734,-19.457324504852295,1.9098591804504395,3.867184638977051,-1.9573254585266113,17.499999046325684
1772468024.7618017,1.9098591804504395,21.367183685302734,-19.457324504852295,1.9098591804504395,3.867184638977051,-1.9573254585266113,17.499999046325684
1772468024.8178134,1.9098591804504395,24.137182235717773,-22.227323055267334,1.9098591804504395,28.53718376159668,-26.62732458114624,-4.400001525878906
1772468024.868199,1.9098591804504395,24.137182235717773,-22.227323055267334,1.9098591804504395,28.53718376159668,-26.62732458114624,-4.400001525878906
1772468024.9182837,1.9098591804504395,24.137182235717773,-22.227323055267334,1.9098591804504395,28.53718376159668,-26.62732458114624,-4.400001525878906
1772468024.9637926,1.9098591804504395,22.527183532714844,-20.617324352264404,1.9098591804504395,30.757183074951172,-28.847323894500732,-8.229999542236328
1772468025.0100937,1.9098591804504395,22.527183532714844,-20.617324352264404,1.9098591804504395,30.757183074951172,-28.847323894500732,-8.229999542236328
1772468025.0661604,1.9098591804504395,10.417182922363281,-8.507323741912842,1.9098591804504395,25.767183303833008,-23.85732412338257,-15.350000381469727
1772468025.1181912,1.9098591804504395,10.417182922363281,-8.507323741912842,1.9098591804504395,25.767183303833008,-23.85732412338257,-15.350000381469727
1772468025.167985,1.9098591804504395,10.417182922363281,-8.507323741912842,1.9098591804504395,25.767183303833008,-23.85732412338257,-15.350000381469727
1772468025.2175772,1.9098591804504395,19.397184371948242,-17.487325191497803,1.9098591804504395,4.15718412399292,-2.2473249435424805,15.240000247955322
1772468025.266437,1.9098591804504395,19.397184371948242,-17.487325191497803,1.9098591804504395,4.15718412399292,-2.2473249435424805,15.240000247955322
1772468025.3193598,1.9098591804504395,19.397184371948242,-17.487325191497803,1.9098591804504395,4.15718412399292,-2.2473249435424805,15.240000247955322
1772468025.365786,1.9098591804504395,29.497182846069336,-27.587323665618896,1.9098591804504395,25.14718246459961,-23.23732328414917,4.350000381469727
1772468025.411192,1.9098591804504395,29.497182846069336,-27.587323665618896,1.9098591804504395,25.14718246459961,-23.23732328414917,4.350000381469727
1772468025.4611678,1.9098591804504395,29.497182846069336,-27.587323665618896,1.9098591804504395,25.14718246459961,-23.23732328414917,4.350000381469727
1772468025.5128968,1.9098591804504395,28.57718276977539,-26.66732358932495,1.9098591804504395,27.137184143066406,-25.227324962615967,1.4399986267089844
1772468025.5614932,1.9098591804504395,28.57718276977539,-26.66732358932495,1.9098591804504395,27.137184143066406,-25.227324962615967,1.4399986267089844
1772468025.6126807,1.9098591804504395,28.597183227539062,-26.687324047088623,1.9098591804504395,26.99718475341797,-25.08732557296753,1.5999984741210938
1772468025.6626976,1.9098591804504395,28.597183227539062,-26.687324047088623,1.9098591804504395,26.99718475341797,-25.08732557296753,1.5999984741210938
1772468025.710966,1.9098591804504395,28.597183227539062,-26.687324047088623,1.9098591804504395,26.99718475341797,-25.08732557296753,1.5999984741210938
1772468025.756367,1.9098591804504395,28.597183227539062,-26.687324047088623,1.9098591804504395,26.99718475341797,-25.08732557296753,1.5999984741210938
1772468025.813022,1.9098591804504395,28.597183227539062,-26.687324047088623,1.9098591804504395,26.99718475341797,-25.08732557296753,1.5999984741210938
1772468025.8615556,1.9098591804504395,28.597183227539062,-26.687324047088623,1.9098591804504395,26.99718475341797,-25.08732557296753,1.5999984741210938
1772468025.9111168,1.9098591804504395,28.597183227539062,-26.687324047088623,1.9098591804504395,26.99718475341797,-25.08732557296753,1.5999984741210938
1772468025.9627244,1.9098591804504395,28.597183227539062,-26.687324047088623,1.9098591804504395,26.99718475341797,-25.08732557296753,1.5999984741210938
1772468026.006821,1.9098591804504395,28.597183227539062,-26.687324047088623,1.9098591804504395,26.99718475341797,-25.08732557296753,1.5999984741210938
1772468026.056695,1.9098591804504395,28.597183227539062,-26.687324047088623,1.9098591804504395,26.99718475341797,-25.08732557296753,1.5999984741210938
1772468026.1116967,1.9098591804504395,28.597183227539062,-26.687324047088623,1.9098591804504395,26.99718475341797,-25.08732557296753,1.5999984741210938
1772468026.160824,1.9098591804504395,28.597183227539062,-26.687324047088623,1.9098591804504395,26.99718475341797,-25.08732557296753,1.5999984741210938
1772468026.2127824,1.9098591804504395,28.597183227539062,-26.687324047088623,1.9098591804504395,26.99718475341797,-25.08732557296753,1.5999984741210938
1772468026.261705,1.9098591804504395,28.597183227539062,-26.687324047088623,1.9098591804504395,26.99718475341797,-25.08732557296753,1.5999984741210938
1772468026.311419,1.9098591804504395,28.597183227539062,-26.687324047088623,1.9098591804504395,26.99718475341797,-25.08732557296753,1.5999984741210938
1772468026.3565114,1.9098591804504395,28.597183227539062,-26.687324047088623,1.9098591804504395,26.99718475341797,-25.08732557296753,1.5999984741210938
1772468026.4177535,1.9098591804504395,28.597183227539062,-26.687324047088623,1.9098591804504395,26.99718475341797,-25.08732557296753,1.5999984741210938
1772468026.456622,1.9098591804504395,28.387182235717773,-26.477323055267334,1.9098591804504395,29.727182388305664,-27.817323207855225,-1.3400001525878906
1772468026.511715,1.9098591804504395,28.387182235717773,-26.477323055267334,1.9098591804504395,29.727182388305664,-27.817323207855225,-1.3400001525878906
1772468026.5685434,1.9098591804504395,15.377182960510254,-13.467323780059814,1.9098591804504395,30.01718521118164,-28.1073260307312,-14.640002250671387
1772468026.618088,1.9098591804504395,15.377182960510254,-13.467323780059814,1.9098591804504395,30.01718521118164,-28.1073260307312,-14.640002250671387
1772468026.669722,1.9098591804504395,17.047183990478516,-15.137324810028076,1.9098591804504395,27.26718521118164,-25.3573260307312,-10.220001220703125
1772468026.7124593,1.9098591804504395,17.047183990478516,-15.137324810028076,1.9098591804504395,27.26718521118164,-25.3573260307312,-10.220001220703125
1772468026.7675872,1.9098591804504395,17.047183990478516,-15.137324810028076,1.9098591804504395,27.26718521118164,-25.3573260307312,-10.220001220703125
1772468026.8194654,1.9098591804504395,21.827184677124023,-19.917325496673584,1.9098591804504395,2.4071831703186035,-0.49732398986816406,19.42000150680542
1772468026.866349,1.9098591804504395,21.827184677124023,-19.917325496673584,1.9098591804504395,2.4071831703186035,-0.49732398986816406,19.42000150680542
1772468026.9148064,1.9098591804504395,21.827184677124023,-19.917325496673584,1.9098591804504395,2.4071831703186035,-0.49732398986816406,19.42000150680542
1772468026.9645882,1.9098591804504395,15.087183952331543,-13.177324771881104,1.9098591804504395,22.707183837890625,-20.797324657440186,-7.619999885559082
1772468027.0134563,1.9098591804504395,15.087183952331543,-13.177324771881104,1.9098591804504395,22.707183837890625,-20.797324657440186,-7.619999885559082
1772468027.0617785,1.9098591804504395,4.6871843338012695,-2.77732515335083,1.9098591804504395,30.617183685302734,-28.707324504852295,-25.929999351501465
1772468027.1137354,1.9098591804504395,4.6871843338012695,-2.77732515335083,1.9098591804504395,30.617183685302734,-28.707324504852295,-25.929999351501465
1772468027.1675565,1.9098591804504395,20.1071834564209,-18.19732427597046,1.9098591804504395,30.617183685302734,-28.707324504852295,-10.510000228881836
1772468027.219626,1.9098591804504395,20.1071834564209,-18.19732427597046,1.9098591804504395,30.617183685302734,-28.707324504852295,-10.510000228881836
1772468027.2619202,1.9098591804504395,20.1071834564209,-18.19732427597046,1.9098591804504395,30.617183685302734,-28.707324504852295,-10.510000228881836
1772468027.3175411,1.9098591804504395,30.317184448242188,-28.407325267791748,1.9098591804504395,-15.602814674377441,17.51267385482788,45.91999912261963
1772468027.3693955,1.9098591804504395,30.317184448242188,-28.407325267791748,1.9098591804504395,-15.602814674377441,17.51267385482788,45.91999912261963
1772468027.4146824,1.9098591804504395,30.317184448242188,-28.407325267791748,1.9098591804504395,-15.602814674377441,17.51267385482788,45.91999912261963
1772468027.468433,1.9098591804504395,26.22718620300293,-24.31732702255249,1.9098591804504395,17.467182159423828,-15.557322978973389,8.760004043579102
1772468027.5171337,1.9098591804504395,26.22718620300293,-24.31732702255249,1.9098591804504395,17.467182159423828,-15.557322978973389,8.760004043579102
1772468027.5565832,1.9098591804504395,26.22718620300293,-24.31732702255249,1.9098591804504395,17.467182159423828,-15.557322978973389,8.760004043579102
1772468027.6115735,1.9098591804504395,8.337182998657227,-6.427323818206787,1.9098591804504395,37.62718200683594,-35.7173228263855,-29.28999900817871
1772468027.6641726,1.9098591804504395,8.337182998657227,-6.427323818206787,1.9098591804504395,37.62718200683594,-35.7173228263855,-29.28999900817871
1772468027.7200403,1.9098591804504395,7.937183856964111,-6.027324676513672,1.9098591804504395,31.97718620300293,-30.06732702255249,-24.04000234603882
1772468027.768408,1.9098591804504395,7.937183856964111,-6.027324676513672,1.9098591804504395,31.97718620300293,-30.06732702255249,-24.04000234603882
1772468027.8166108,1.9098591804504395,7.937183856964111,-6.027324676513672,1.9098591804504395,31.97718620300293,-30.06732702255249,-24.04000234603882
1772468027.8662176,1.9098591804504395,33.19718551635742,-31.287326335906982,1.9098591804504395,-21.14281463623047,23.052673816680908,54.34000015258789
1772468027.915978,1.9098591804504395,33.19718551635742,-31.287326335906982,1.9098591804504395,-21.14281463623047,23.052673816680908,54.34000015258789
1772468027.9696333,1.9098591804504395,33.46718215942383,-31.55732297897339,1.9098591804504395,14.997182846069336,-13.087323665618896,18.469999313354492
1772468028.018177,1.9098591804504395,33.46718215942383,-31.55732297897339,1.9098591804504395,14.997182846069336,-13.087323665618896,18.469999313354492
1772468028.0646932,1.9098591804504395,33.46718215942383,-31.55732297897339,1.9098591804504395,14.997182846069336,-13.087323665618896,18.469999313354492
1772468028.1157677,1.9098591804504395,33.607181549072266,-31.697322368621826,1.9098591804504395,39.857181549072266,-37.947322368621826,-6.25
1772468028.1686919,1.9098591804504395,33.607181549072266,-31.697322368621826,1.9098591804504395,39.857181549072266,-37.947322368621826,-6.25
1772468028.2153125,1.9098591804504395,32.1271858215332,-30.217326641082764,1.9098591804504395,28.30718421936035,-26.397325038909912,3.8200016021728516
1772468028.2697709,1.9098591804504395,32.1271858215332,-30.217326641082764,1.9098591804504395,28.30718421936035,-26.397325038909912,3.8200016021728516
1772468028.3180158,1.9098591804504395,30.937183380126953,-29.027324199676514,1.9098591804504395,-15.51281452178955,17.42267370223999,46.449997901916504
1772468028.3621478,1.9098591804504395,30.937183380126953,-29.027324199676514,1.9098591804504395,-15.51281452178955,17.42267370223999,46.449997901916504
1772468028.4175038,1.9098591804504395,28.267183303833008,-26.35732412338257,1.9098591804504395,17.047183990478516,-15.137324810028076,11.219999313354492
1772468028.4619362,1.9098591804504395,28.267183303833008,-26.35732412338257,1.9098591804504395,17.047183990478516,-15.137324810028076,11.219999313354492
1772468028.5181587,1.9098591804504395,28.267183303833008,-26.35732412338257,1.9098591804504395,17.047183990478516,-15.137324810028076,11.219999313354492
1772468028.5687172,1.9098591804504395,23.14718246459961,-21.23732328414917,1.9098591804504395,37.43718338012695,-35.527324199676514,-14.290000915527344
1772468028.61665,1.9098591804504395,23.14718246459961,-21.23732328414917,1.9098591804504395,37.43718338012695,-35.527324199676514,-14.290000915527344
1772468028.6645007,1.9098591804504395,23.14718246459961,-21.23732328414917,1.9098591804504395,37.43718338012695,-35.527324199676514,-14.290000915527344
1772468028.7117062,1.9098591804504395,25.28718376159668,-23.37732458114624,1.9098591804504395,9.307183265686035,-7.397324085235596,15.980000495910645
1772468028.7647154,1.9098591804504395,25.28718376159668,-23.37732458114624,1.9098591804504395,9.307183265686035,-7.397324085235596,15.980000495910645
1772468028.820003,1.9098591804504395,27.29718589782715,-25.38732671737671,1.9098591804504395,-12.082817077636719,13.992676258087158,39.38000297546387
1772468028.868285,1.9098591804504395,27.29718589782715,-25.38732671737671,1.9098591804504395,-12.082817077636719,13.992676258087158,39.38000297546387
1772468028.9116857,1.9098591804504395,27.29718589782715,-25.38732671737671,1.9098591804504395,-12.082817077636719,13.992676258087158,39.38000297546387
1772468028.9654696,1.9098591804504395,32.44718551635742,-30.537326335906982,1.9098591804504395,38.137184143066406,-36.22732496261597,-5.689998626708984
1772468029.0120482,1.9098591804504395,32.44718551635742,-30.537326335906982,1.9098591804504395,38.137184143066406,-36.22732496261597,-5.689998626708984
1772468029.0666723,1.9098591804504395,32.44718551635742,-30.537326335906982,1.9098591804504395,38.137184143066406,-36.22732496261597,-5.689998626708984
1772468029.1180773,1.9098591804504395,33.2471809387207,-31.337321758270264,1.9098591804504395,34.957183837890625,-33.047324657440186,-1.7100028991699219
1772468029.1667607,1.9098591804504395,33.2471809387207,-31.337321758270264,1.9098591804504395,34.957183837890625,-33.047324657440186,-1.7100028991699219
1772468029.215185,1.9098591804504395,33.2471809387207,-31.337321758270264,1.9098591804504395,34.957183837890625,-33.047324657440186,-1.7100028991699219
1772468029.2615392,1.9098591804504395,31.097183227539062,-29.187324047088623,1.9098591804504395,-16.662813186645508,18.572672367095947,47.75999641418457
1772468029.314387,1.9098591804504395,31.097183227539062,-29.187324047088623,1.9098591804504395,-16.662813186645508,18.572672367095947,47.75999641418457
1772468029.3646636,1.9098591804504395,31.097183227539062,-29.187324047088623,1.9098591804504395,-16.662813186645508,18.572672367095947,47.75999641418457
1772468029.4183333,1.9098591804504395,27.83718490600586,-25.92732572555542,1.9098591804504395,28.007183074951172,-26.097323894500732,-0.1699981689453125
1772468029.465251,1.9098591804504395,27.83718490600586,-25.92732572555542,1.9098591804504395,28.007183074951172,-26.097323894500732,-0.1699981689453125
1772468029.517018,1.9098591804504395,25.687183380126953,-23.777324199676514,1.9098591804504395,43.42718505859375,-41.51732587814331,-17.740001678466797
1772468029.5620074,1.9098591804504395,25.687183380126953,-23.777324199676514,1.9098591804504395,43.42718505859375,-41.51732587814331,-17.740001678466797
1772468029.6160097,1.9098591804504395,25.687183380126953,-23.777324199676514,1.9098591804504395,43.42718505859375,-41.51732587814331,-17.740001678466797
1772468029.6683655,1.9098591804504395,25.16718292236328,-23.257323741912842,1.9098591804504395,-4.232816219329834,6.142675399780273,29.399999141693115
1772468029.7162762,1.9098591804504395,25.16718292236328,-23.257323741912842,1.9098591804504395,-4.232816219329834,6.142675399780273,29.399999141693115
1772468029.764621,1.9098591804504395,25.16718292236328,-23.257323741912842,1.9098591804504395,-4.232816219329834,6.142675399780273,29.399999141693115
1772468029.810643,1.9098591804504395,28.55718231201172,-26.64732313156128,1.9098591804504395,19.41718292236328,-17.507323741912842,9.139999389648438
1772468029.8618288,1.9098591804504395,28.55718231201172,-26.64732313156128,1.9098591804504395,19.41718292236328,-17.507323741912842,9.139999389648438
1772468029.9180956,1.9098591804504395,28.6071834564209,-26.69732427597046,1.9098591804504395,34.777183532714844,-32.867324352264404,-6.170000076293945
1772468029.9645295,1.9098591804504395,28.6071834564209,-26.69732427597046,1.9098591804504395,34.777183532714844,-32.867324352264404,-6.170000076293945
1772468030.0166953,1.9098591804504395,28.6071834564209,-26.69732427597046,1.9098591804504395,34.777183532714844,-32.867324352264404,-6.170000076293945
1772468030.0664005,1.9098591804504395,30.487184524536133,-28.577325344085693,1.9098591804504395,-1.072816252708435,2.9826754331588745,31.560000777244568
1772468030.1116843,1.9098591804504395,30.487184524536133,-28.577325344085693,1.9098591804504395,-1.072816252708435,2.9826754331588745,31.560000777244568
1772468030.1641564,1.9098591804504395,30.487184524536133,-28.577325344085693,1.9098591804504395,-1.072816252708435,2.9826754331588745,31.560000777244568
1772468030.214569,1.9098591804504395,30.397184371948242,-28.487325191497803,1.9098591804504395,23.067184448242188,-21.157325267791748,7.329999923706055
1772468030.2680814,1.9098591804504395,30.397184371948242,-28.487325191497803,1.9098591804504395,23.067184448242188,-21.157325267791748,7.329999923706055
1772468030.3179336,1.9098591804504395,30.397184371948242,-28.487325191497803,1.9098591804504395,36.277183532714844,-34.367324352264404,-5.879999160766602
1772468030.366648,1.9098591804504395,30.397184371948242,-28.487325191497803,1.9098591804504395,36.277183532714844,-34.367324352264404,-5.879999160766602
1772468030.411674,1.9098591804504395,30.397184371948242,-28.487325191497803,1.9098591804504395,36.277183532714844,-34.367324352264404,-5.879999160766602
1772468030.4648306,1.3549346923828125,14.468694686889648,-13.113759994506836,1.3549346923828125,-15.821305274963379,17.17623996734619,30.289999961853027
1772468030.5198984,0.0,14.468694686889648,-14.468694686889648,0.0,-15.821305274963379,15.821305274963379,30.289999961853027
1772468030.5697005,0.0,-15.130000114440918,15.130000114440918,0.0,-38.69000244140625,38.69000244140625,23.560002326965332
1772468030.613118,0.0,-15.130000114440918,15.130000114440918,0.0,-38.69000244140625,38.69000244140625,23.560002326965332
1772468030.6595654,0.0,-15.130000114440918,15.130000114440918,0.0,-38.69000244140625,38.69000244140625,23.560002326965332
1772468030.7117076,0.0,-6.390000343322754,6.390000343322754,0.0,13.90999984741211,-13.90999984741211,-20.300000190734863
1772468030.7682216,0.0,-6.390000343322754,6.390000343322754,0.0,13.90999984741211,-13.90999984741211,-20.300000190734863
1772468030.8199718,0.0,-2.5999999046325684,2.5999999046325684,0.0,39.119998931884766,-39.119998931884766,-41.719998836517334
1772468030.8643978,0.0,-2.5999999046325684,2.5999999046325684,0.0,39.119998931884766,-39.119998931884766,-41.719998836517334
1772468030.9167,0.0,-2.5999999046325684,2.5999999046325684,0.0,39.119998931884766,-39.119998931884766,-41.719998836517334
1772468030.9619284,0.0,0.14000000059604645,-0.14000000059604645,0.0,-39.47999954223633,39.47999954223633,39.619999542832375
1772468031.0150821,0.0,0.14000000059604645,-0.14000000059604645,0.0,-39.47999954223633,39.47999954223633,39.619999542832375
1772468031.0681305,0.0,0.14000000059604645,-0.14000000059604645,0.0,-39.47999954223633,39.47999954223633,39.619999542832375
1772468031.1179972,0.0,0.0,0.0,0.0,-11.649999618530273,11.649999618530273,11.649999618530273
1772468031.1616733,0.0,0.0,0.0,0.0,-11.649999618530273,11.649999618530273,11.649999618530273
1772468031.2146957,0.0,0.0,0.0,0.0,-11.649999618530273,11.649999618530273,11.649999618530273
1772468031.2617908,0.0,0.0,0.0,0.0,42.01000213623047,-42.01000213623047,-42.01000213623047
1772468031.3161778,0.0,0.0,0.0,0.0,42.01000213623047,-42.01000213623047,-42.01000213623047
1772468031.3682168,0.0,0.0,0.0,0.0,13.569999694824219,-13.569999694824219,-13.569999694824219
1772468031.4171515,0.0,0.0,0.0,0.0,13.569999694824219,-13.569999694824219,-13.569999694824219
1772468031.46595,0.0,0.0,0.0,0.0,-37.70000076293945,37.70000076293945,37.70000076293945
1772468031.5121381,0.0,0.0,0.0,0.0,-37.70000076293945,37.70000076293945,37.70000076293945
